{
  "architecture": "SimpleVAE",
  "num_params": 957196,
  "best_val_r2": 0.8404333591461182,
  "test_r2": 0.8029735088348389,
  "test_mae": 0.10264845937490463,
  "test_rmse": 0.12795357406139374,
  "config": {
    "latent_dim": 32,
    "hidden_dim": 128,
    "dropout": 0.5,
    "beta": 0.1,
    "lr": 0.001,
    "weight_decay": 0.001
  }
}