{
  "metrics_scaled": {
    "mse": 0.0038756176363676786,
    "rmse": 0.06225445866584778,
    "mae": 0.042457155883312225,
    "r2": 0.9533597826957703,
    "per_link_mse": [
      0.002008240669965744,
      0.002028681803494692,
      0.00195467215962708,
      0.005400683265179396,
      0.005362140946090221,
      0.0014478475786745548,
      0.001474742777645588,
      0.003135479288175702,
      0.0032708982471376657,
      0.003339604940265417,
      0.008509047329425812,
      0.008575350977480412
    ],
    "per_link_mae": [
      0.034047529101371765,
      0.03446190804243088,
      0.033661436289548874,
      0.05769241228699684,
      0.057301755994558334,
      0.02512749657034874,
      0.024876482784748077,
      0.04247742518782616,
      0.04314292594790459,
      0.044200390577316284,
      0.05649605765938759,
      0.05600019171833992
    ]
  },
  "metrics_real": null,
  "model_config": {
    "arch": "SimpleVAE(Bi-LSTM+Attention+Predictor)",
    "features_per_link": 132,
    "num_links": 12,
    "hidden_dim": 256,
    "latent_dim": 96,
    "num_layers": 3,
    "attn_heads": 8,
    "dropout": 0.25
  },
  "training_config": {
    "epochs": 151,
    "batch_size": 128,
    "lr": 0.0005,
    "patience": 30,
    "weight_decay": 0.0002,
    "beta": 0.02,
    "device": "cuda",
    "amp": true
  },
  "data_info": {
    "features": [
      "utilization",
      "bitrate_bps",
      "loss_rate",
      "jitter_milliseconds",
      "rtt_milliseconds",
      "capacity_bps",
      "is_weekend",
      "hour_sin",
      "hour_cos",
      "day_sin",
      "day_cos"
    ],
    "target_feature": "utilization",
    "link_names": [
      "LINK_AIR_GROUND_01",
      "LINK_AIR_GROUND_02",
      "LINK_AIR_GROUND_03",
      "LINK_GROUND_SEA_01",
      "LINK_GROUND_SEA_02",
      "LINK_SPACE_AIR_01",
      "LINK_SPACE_AIR_02",
      "LINK_SPACE_GROUND_01",
      "LINK_SPACE_GROUND_02",
      "LINK_SPACE_GROUND_03",
      "LINK_SPACE_SPACE_01",
      "LINK_SPACE_SPACE_02"
    ],
    "seq_len": 96,
    "train_samples": 15600,
    "val_samples": 1440,
    "test_samples": 4321
  }
}